{
  "GettingUser" : {
    "transaction" : "GettingUser",
    "sampleCount" : 700,
    "errorCount" : 103,
    "errorPct" : 14.714286,
    "meanResTime" : 10650.097142857141,
    "medianResTime" : 9802.5,
    "minResTime" : 634.0,
    "maxResTime" : 34057.0,
    "pct1ResTime" : 21009.5,
    "pct2ResTime" : 21032.95,
    "pct3ResTime" : 21670.98,
    "throughput" : 20.47442159758987,
    "receivedKBytesPerSec" : 140.4003754862675,
    "sentKBytesPerSec" : 2.046299613910907
  },
  "Total" : {
    "transaction" : "Total",
    "sampleCount" : 700,
    "errorCount" : 103,
    "errorPct" : 14.714286,
    "meanResTime" : 10650.097142857141,
    "medianResTime" : 9802.5,
    "minResTime" : 634.0,
    "maxResTime" : 34057.0,
    "pct1ResTime" : 21009.5,
    "pct2ResTime" : 21032.95,
    "pct3ResTime" : 21670.98,
    "throughput" : 20.47442159758987,
    "receivedKBytesPerSec" : 140.4003754862675,
    "sentKBytesPerSec" : 2.046299613910907
  }
}