{
  "GettingUser" : {
    "transaction" : "GettingUser",
    "sampleCount" : 650,
    "errorCount" : 0,
    "errorPct" : 0.0,
    "meanResTime" : 3242.8323076923084,
    "medianResTime" : 2463.0,
    "minResTime" : 640.0,
    "maxResTime" : 12195.0,
    "pct1ResTime" : 5400.9,
    "pct2ResTime" : 5640.599999999999,
    "pct3ResTime" : 8349.41,
    "throughput" : 38.52993479549497,
    "receivedKBytesPerSec" : 292.65546272969766,
    "sentKBytesPerSec" : 4.515226733847066
  },
  "Total" : {
    "transaction" : "Total",
    "sampleCount" : 650,
    "errorCount" : 0,
    "errorPct" : 0.0,
    "meanResTime" : 3242.8323076923084,
    "medianResTime" : 2463.0,
    "minResTime" : 640.0,
    "maxResTime" : 12195.0,
    "pct1ResTime" : 5400.9,
    "pct2ResTime" : 5640.599999999999,
    "pct3ResTime" : 8349.41,
    "throughput" : 38.52993479549497,
    "receivedKBytesPerSec" : 292.65546272969766,
    "sentKBytesPerSec" : 4.515226733847066
  }
}