{
  "GettingUser" : {
    "transaction" : "GettingUser",
    "sampleCount" : 680,
    "errorCount" : 0,
    "errorPct" : 0.0,
    "meanResTime" : 3573.4838235294105,
    "medianResTime" : 2706.5,
    "minResTime" : 659.0,
    "maxResTime" : 10860.0,
    "pct1ResTime" : 5871.2,
    "pct2ResTime" : 6984.049999999997,
    "pct3ResTime" : 9094.699999999992,
    "throughput" : 35.80266413941979,
    "receivedKBytesPerSec" : 271.939723681093,
    "sentKBytesPerSec" : 4.195624703838257
  },
  "Total" : {
    "transaction" : "Total",
    "sampleCount" : 680,
    "errorCount" : 0,
    "errorPct" : 0.0,
    "meanResTime" : 3573.4838235294105,
    "medianResTime" : 2706.5,
    "minResTime" : 659.0,
    "maxResTime" : 10860.0,
    "pct1ResTime" : 5871.2,
    "pct2ResTime" : 6984.049999999997,
    "pct3ResTime" : 9094.699999999992,
    "throughput" : 35.80266413941979,
    "receivedKBytesPerSec" : 271.939723681093,
    "sentKBytesPerSec" : 4.195624703838257
  }
}